{
    "C": 60.91135228890895,
    "Makefile": 0.40447443899990126,
    "Python": 3.2622053136044977,
    "JavaScript": 35.21747044065111,
    "Shell": 0.2044975178355383
}